Distance from focus,slope,face direct
34.304336896146076,0.3165137614678899,0
29.979473373564563,0.31275720164609055,0
38.94388825251038,0.23954372623574144,0
38.175396125235736,0.2607003891050584,0
30.05508806992277,0.2876712328767123,0
4.890784107521185,0.554945054945055,0
4.105506138217364,0.5068493150684932,0
5.029155603604179,0.49777777777777776,0
6.113051440164802,0.4841628959276018,0
7.595948510433794,0.46037735849056605,0
6.200855981314956,0.4672131147540984,0
5.593828754405758,0.41509433962264153,0
3.8290225143098215,0.539622641509434,0
4.242914016159274,0.5702479338842975,0
6.7082039324993685,0.5,0
6.383020479256551,0.4732510288065844,0
5.2,0.75,0
7.095250748415357,0.9951219512195122,0
8.81968671080678,1.2083333333333333,0
11.401688010227018,1.2947976878612717,0
16.119925604028577,1.6569343065693432,0
20.948207005346028,1.717741935483871,0
25.83375857277391,1.7964601769911503,0
30.02976812356929,2.1578947368421053,0
33.235400032496095,2.1538461538461537,0
33.472721398051526,2.6621621621621623,0
36.31519276444655,2.4078947368421053,0
39.72550259134661,2.746268656716418,0
43.76327139671489,3.3035714285714284,0
46.08826544824012,4.973684210526316,0
46.09759193508568,4.45,0
48.041033700756266,5.25,0
49.21941980556989,5.103448275862069,0
49.16520897817008,5.875,0
50.27535142516719,6.3,0
50.870192358474874,4.5,0
50.65113702374457,4.521739130434782,0
51.225392054137814,5.6,0
52.90745003569642,5.117647058823529,0
55.2920721601388,5.461538461538462,0
64.76895710256808,1.7777777777777777,1
67.26783435239713,5.0,1
76.88452694314618,1.3,1
69,1.3,1
49.93158394374287,-2.7857142857142856,1
27.333261891400788,-1.5384615384615385,0
36.502531259863886,-2.1944444444444446,0
36.94795974076161,-2.264705882352941,0
49.787765489275905,-4.85,0
51.385435690769874,-6.05,0
89.96966421469718,1.5217391304347827,1
55.889607941567,-12.0,1
32.31071748949291,-2.4705882352941178,0
35.41750979388585,-3.0,1
35.37366717907684,-3.0303030303030303,0
25.161892200560484,-2.130434782608696,0
17.73423807215861,-1.8235294117647058,0
1.3327735796002766,-1.255813953488372,0
42.09684237482709,-0.5757575757575758,0
2.475314853994421,-2.326923076923077,0
3.0455916010433763,-4.175,0
32.779155037116205,-13.6,0
46.89567858373019,-29.25,0
67.69321043053736,7.133333333333334,0
88.81392634893197,3.25,0
84.71849048713513,4.636363636363637,0
100.62305898749054,2.0,0
107.0485384089715,1.0333333333333334,0
102.10939276035108,0.6111111111111112,0
83.32051183416776,0.2727272727272727,0
74.89455761152026,0.19148936170212766,0
65.06828529955912,0.11538461538461539,0
58.41297578145606,0.06896551724137931,0
45.044399631300756,-0.045454545454545456,0
28.62785456337939,-0.16176470588235295,0
38.49748890980441,-0.08823529411764706,0
53.212283399425836,0.029411764705882353,0
37.00691702329405,-0.06153846153846154,0
17.74744276183199,-0.1791044776119403,0
18.216191001536576,-0.16129032258064516,0
8.160293662910652,-0.2318840579710145,0
15.034675655687945,-0.39705882352941174,0
19.59934758052709,-0.4461538461538462,0
15.23059199702144,-0.4153846153846154,0
24.149534156997728,-0.5,0
35.33331173913559,-0.6206896551724138,0
44.61436432902341,-0.7924528301886793,0
38.43638359258125,-0.7954545454545454,0
50.707061596892,-1.1764705882352942,0
47.8940271624536,-1.4,0
66.63482572949373,-5.5,1
66.06891666137436,12.5,1
66.66700582849606,2.3,1
62.922583857082344,1.0666666666666667,1
58.52241666714481,0.6071428571428571,1
57.12247830836726,0.6111111111111112,1
55.90169943749474,0.5,1
54.48446939078589,0.5576923076923077,1
54.442827594735256,0.5416666666666666,1
53.087252479657735,0.5416666666666666,1
52.803676659957596,0.48936170212765956,1
52.56816964726751,0.5510204081632653,1
52.45066079243393,0.574468085106383,1
52.6,0.75,1
52.41654631307368,0.8421052631578947,1
53.139427477144984,0.8157894736842105,1
53.2567892474941,0.9722222222222222,1
53.25621590222622,1.0666666666666667,1
52.46123001861974,1.2962962962962963,1
52.04589590831226,1.6,1
51.676681341288855,1.8695652173913044,1
52.302878326099645,2.0952380952380953,1
51.79714924637033,2.411764705882353,1
53.63210182103596,2.1052631578947367,1
54.03134918162503,2.2222222222222223,1
56.334580016721326,1.8,1
55.009600015176254,2.1052631578947367,1
55.221846824301686,2.533333333333333,1
56.631531799839635,1.9333333333333333,1
57.79502319302549,1.6666666666666667,1
58.399999999999984,1.3333333333333333,1
56.70988658034025,1.6,1
57.04286831446697,1.5217391304347827,1
56.279234048536715,1.7,1
55.666704899303156,2.0588235294117645,1
56.28917167292225,1.9047619047619047,1
55.26329881629932,2.05,1
55.49830349465169,1.8823529411764706,1
53.94346542380209,2.4166666666666665,1
56.16161105253836,1.7272727272727273,1
58.542324634275545,1.0909090909090908,1
59.39696961966999,1.0,1
58.974103194582156,1.1764705882352942,1
57.96304555215787,1.4375,1
58.51070409562327,1.105263157894737,1
56.50756038126501,1.6470588235294117,1
56.012473946158316,1.7619047619047619,1
56.00042802912236,1.7647058823529411,1
51.86135362676142,3.0,1
53.848975803834485,2.1666666666666665,1
50.921330505520885,2.8,1
52.02344293585648,2.1538461538461537,1
49.64070910049533,2.0,1
51.011837323995834,1.1764705882352942,1
49.679232090904165,1.0588235294117647,1
47.19746312699636,0.95,1
45.793103448275865,0.9523809523809523,1
37.72728129276955,1.5263157894736843,1
31.774292725935496,2.1176470588235294,1
21.644441010435912,4.571428571428571,1
14.551642376652477,14.5,1
3.5713746626659146,-3.5,1
37.09462980936246,-0.7333333333333333,1
53.84290875806592,-0.25,0
61.50684429136727,-0.022727272727272728,0
67.33034452694899,0.10344827586206896,0
70.46021330376772,0.1527777777777778,0
71.75388841805459,0.15294117647058825,0
73.68244776612873,0.20930232558139536,0
73.5098020240047,0.1978021978021978,0
71.9429095632205,0.1839080459770115,0
68.27731657580273,0.12048192771084337,0
63.0,-0.0,0
56.51194012635615,-0.16883116883116883,0
53.187192446556814,-0.3103448275862069,0
47.929623954909275,-0.6170212765957447,1
36.98272046721054,-1.9565217391304348,1
31.176332728489328,-8.333333333333334,1
28.814852953090256,8.428571428571429,1
25.617673457403694,2.72,0
25.69944626760543,1.9411764705882353,0
28.49546289641543,1.7560975609756098,0
27.951682448899863,1.5106382978723405,0
32.70129652659892,1.565217391304348,0
30.556088248078364,1.3541666666666667,0
32.41323259193418,1.3555555555555556,0
34.40000000000002,1.3333333333333333,0
38.62370997834466,1.4390243902439024,0
40.936498267144344,1.475,0
39.83531178263397,1.457142857142857,0
49.64070910049533,2.0,0
59.450820011165526,3.0,1
60.98809039321793,3.5,1
67.85618275781168,5.0,1
106.06601717798212,-1.0,1
76.0,-0.0,1
62.43966844180027,0.21428571428571427,1
52.75786013587511,0.38181818181818183,0
66.67948594698257,0.2,1
68.11594528215902,0.17105263157894737,0
67.00027891035711,0.19480519480519481,0
68.25961965668778,0.15789473684210525,0
68.50850185559764,0.12,1
66.91147122439203,0.13043478260869565,1
63.67044296799306,0.19117647058823528,0
72.34190728585544,-0.02857142857142857,1
75.53361122619829,-0.2631578947368421,1
70.92476504854476,-0.21794871794871795,1
72.17259765791458,-0.47058823529411764,1
69.26704268110146,-0.4943820224719101,1
66.72720533199914,-0.5116279069767442,1
65.9996508103944,-0.6590909090909091,1
65.2047699616911,-0.7441860465116279,1
63.600303519143054,-0.7441860465116279,1
63.40991912836801,-0.7692307692307693,1
64.02633299125043,-0.8205128205128205,1
62.477729804552894,-0.8533333333333334,1
63.75618082996946,-0.9253731343283582,1
66.46803743153546,-1.0,1
67.24063451152584,-0.953125,1
69.31778540558558,-0.9833333333333333,1
71.4177848998413,-1.0,1
73.21402582826364,-1.2083333333333333,1
75.27575323030813,-1.25,1
77.38067737341946,-1.5,1
78.24305470619164,-1.25,1
79.76964243947869,-1.5294117647058822,1
81.85939009820544,-1.78125,1
83.14206981778185,-1.8,1
84.55407049546484,-2.103448275862069,1
85.8235760287656,-2.761904761904762,1
90.74801089833448,-1.88,1
90.5627402180895,-2.3076923076923075,1
93.14219199533805,-1.9666666666666666,1
93.64922210034635,-1.8235294117647058,1
95.03683037828232,-1.6571428571428573,1
94.95586466666573,-1.6857142857142857,1
94.80624870609043,-1.6216216216216217,1
96.04656491156028,-1.2564102564102564,1
95.245676446044,-1.2894736842105263,1
95.11826968721665,-1.2380952380952381,1
94.1573531825922,-1.0425531914893618,1
92.33765066197441,-0.8867924528301887,1
90.84296795892459,-0.8461538461538461,1
89.52324091637949,-0.8392857142857143,1
88.04958059082406,-0.7068965517241379,1
87.7365409622337,-0.7407407407407407,1
87.53447197409591,-0.7142857142857143,1
87.59462717012902,-0.8392857142857143,1
87.01044624697414,-0.8703703703703703,1
86.00207496634998,-0.7884615384615384,1
86.1934144825582,-0.8421052631578947,1
85.5429104187987,-0.8392857142857143,1
84.21614276707992,-0.9019607843137255,1
83.51822626018263,-0.8571428571428571,1
83.54192427777315,-0.8846153846153846,1
83.54375273286236,-0.8888888888888888,1
83.54626203818155,-0.9,1
82.7748226759534,-0.8679245283018868,1
82.78564860260607,-0.9607843137254902,1
82.80649343551735,-0.9245283018867925,1
82.73149339882606,-1.0,1
82.73149339882606,-1.0,1
83.4032306849057,-1.06,1
84.56503775853133,-1.18,1
83.33185708760325,-1.35,1
79.8062693170095,-2.15625,1
79.57169831299186,-2.3333333333333335,1
81.9576310724777,-1.9714285714285715,1
79.61637592339338,-2.357142857142857,1
74.01160788686379,-5.538461538461538,1
72.27682209799143,-10.666666666666666,1
63.95612183647466,8.25,1
57.3777925596948,3.074074074074074,0
46.44684739907131,1.673913043478261,0
36.978385784515105,1.1538461538461537,0
26.1312997684043,0.8461538461538461,0
19.27437181054672,0.7159090909090909,0
6.872314858087306,0.5368421052631579,0
7.126595753553067,0.5408163265306123,0
0.72450685832393,0.41964285714285715,0
3.604452691868881,0.38095238095238093,0
3.1568207490098863,0.4,0
11.610221180071708,0.264,0
6.37983106273414,0.3898305084745763,0
5.343301578156857,0.5148514851485149,0
0.2735764515525319,0.9375,0
0.27030754635762705,1.679245283018868,0
4.293445235284709,4.071428571428571,0
11.810031389307069,-14.625,0
18.846385591330925,-3.4324324324324325,0
26.814654446310712,-2.372549019607843,0
30.96310475451993,-1.5692307692307692,0
39.196437603828095,-1.626865671641791,0
43.89531687925982,-1.411764705882353,0
52.911591110037705,-1.6333333333333333,0
57.584635484671075,-1.5454545454545454,0
64.06441637584733,-1.7358490566037736,0
72.06451581720202,-2.148936170212766,0
75.33447215808873,-2.261904761904762,0
81.37300765708292,-3.096774193548387,0
84.71134377818524,-4.5,0
87.24943013466353,15.333333333333334,0
86.23005025785388,2.606060606060606,1
80.03853514872267,1.2592592592592593,1
71.09525395647123,0.7272727272727273,1
66.11812620420083,0.5113636363636364,1
63.250791714911045,0.39805825242718446,1
62.555045896487954,0.33980582524271846,1
61.222963678718635,0.2912621359223301,1
63.898796505694094,0.3173076923076923,1
62.305240525075476,0.28431372549019607,1
63.08230714473778,0.30392156862745096,1
64.99245605953517,0.3829787234042553,1
66.09924824889568,0.4479166666666667,1
64.64506613683274,0.4175824175824176,1
65.84339987431454,0.4725274725274725,1
67.35231227684368,0.5421686746987951,1
66.21595826092958,0.4861111111111111,1
65.50278913615347,0.4782608695652174,1
66.88256715246855,0.5079365079365079,1
71.40301272244947,0.6721311475409836,1
76.26027397260275,0.8727272727272727,1
76.60362434194055,0.8518518518518519,1
77.4200618662982,0.8235294117647058,1
78.94500696970141,0.7959183673469388,1
82.87328822034569,0.9090909090909091,1
85.09095479682485,0.9210526315789473,1
88.45160332852569,1.0555555555555556,1
89.51033365687972,1.0263157894736843,1
93.45354990500742,1.1538461538461537,1
96.36128025570407,1.3529411764705883,1
98.77380868010302,1.3529411764705883,1
99.31543403553037,1.3243243243243243,1
101.35444457151686,1.3714285714285714,1
104.10917737450961,1.5151515151515151,1
103.77846716216598,1.3714285714285714,1
103.80283647012314,1.2972972972972974,1
106.502437675244,1.5,1
106.30639456041317,1.40625,1
108.90160156549311,1.6666666666666667,1
106.73406184616451,1.457142857142857,1
107.6601600823885,1.59375,1
105.88938725961874,1.4545454545454546,1
105.05335232664814,1.3823529411764706,1
102.61407291682922,1.236842105263158,1
100.97079798981159,1.1842105263157894,1
97.44827586206898,0.9523809523809523,1
94.09950574329324,0.85,1
91.94308004659328,0.7857142857142857,1
89.5878284342171,0.7209302325581395,1
91.71384479321327,0.8292682926829268,1
91.37202583257917,0.813953488372093,1
91.96521245868932,0.8409090909090909,1
90.82802861468453,0.7906976744186046,1
92.91849980076609,0.85,1
92.15656048300663,0.85,1
91.04930318105733,0.8,1
90.66033271283429,0.7837837837837838,1
91.4676808149379,0.8181818181818182,1
89.64489833073692,0.7441860465116279,1
90.11105056939591,0.7619047619047619,1
89.0030268588411,0.7209302325581395,1
91.94237914603085,0.8048780487804879,1
91.89959066257315,0.8378378378378378,1
88.16430116549444,0.6923076923076923,1
86.27584811733556,0.65,1
87.1142917336362,0.65,1
85.85101073047731,0.627906976744186,1
88.61815908154446,0.6904761904761905,1
90.13455515858048,0.7727272727272727,1
87.75344039961833,0.68,1
87.21501422967954,0.6808510638297872,1
86.81058070924834,0.6666666666666666,1
86.14919141892963,0.6444444444444445,1
83.90120347688601,0.5909090909090909,1
82.70588235294117,0.5333333333333333,1
76.87787000529947,0.4,1
80.01430276074527,0.4883720930232558,1
81.4750872250971,0.5365853658536586,1
78.7184341134313,0.4888888888888889,1
80.22821223071001,0.5555555555555556,1
83.65998011834974,0.723404255319149,1
80.61025326872485,0.7169811320754716,1
77.83028998362325,0.6909090909090909,1
71.11654472482209,0.5357142857142857,1
65.61118049244666,0.46,1
64.91740590196974,0.5471698113207547,1
62.548720616539114,0.68,1
59.477680117349294,0.7954545454545454,1
57.272480573091144,1.0588235294117647,1
52.72207281385449,1.6470588235294117,1
46.014958214446395,2.576923076923077,1
42.900798098416146,2.9130434782608696,1
38.88657612992956,3.8,1
35.86078009415613,3.5714285714285716,1
32.115783982117364,7.5,0
33.69853526413967,5.230769230769231,1
25.450018497883107,-64.0,1
23.489733966351203,-10.571428571428571,0
19.231145121265087,-5.571428571428571,0
21.463462515213696,-8.222222222222221,0
19.611613513818405,-5.0,0
14.951259010043316,-2.75,0
12.364039461254656,-2.193548387096774,0
6.930049618718131,-1.5952380952380953,0
7.269315631948293,-1.6341463414634145,0
2.9550914014671545,-1.28,0
1.5302044146867693,-1.2115384615384615,0
3.859055284950958,-1.2857142857142858,0
2.296104756696828,-0.92,0
10.257665158681895,-0.6739130434782609,0
20.17554123757117,-0.43478260869565216,0
25.94093751571095,-0.30666666666666664,0
23.433311226689735,-0.3181818181818182,0
24.315098570142617,-0.30158730158730157,0
26.44583371581735,-0.27461139896373055,0
35.28693999598406,-0.17010309278350516,0
31.852845238623434,-0.22277227722772278,0
36.63649085322969,-0.18090452261306533,0
41.16335840422686,-0.12041884816753927,0
38.464088683497074,-0.21311475409836064,0
45.523863399724505,-0.3181818181818182,0
36.22485826173904,-1.7777777777777777,1
39.196956311466906,-38.0,1
52.111243053394354,9.75,0
76.4798607496062,-5.588235294117647,1
91.56092654250679,-2.8846153846153846,1
99.96565532900459,-2.4375,1
101.23779084877069,-2.46875,1
106.07884108562168,-3.7058823529411766,1
105.14041497848542,16.5,1
97.29441441790516,2.8333333333333335,0
95.56834857082606,1.9473684210526316,0
66.18537270216329,0.9558823529411765,0
70.0035713374682,1.0,0
59.756497277472214,0.8472222222222222,0
63.147235592146714,0.8873239436619719,0
70.56330042264611,0.9701492537313433,0
64.76710522953809,0.8985507246376812,0
64.14628482113045,0.9,0
48.02862843170346,0.7424242424242424,0
53.40305364502919,0.8181818181818182,0
64.43805764683471,0.9824561403508771,0
54.14565286463843,0.8888888888888888,0
68.51252087933547,1.125,0
92.84702402111117,1.8620689655172413,0
107.32822920659821,3.3529411764705883,0
122.99824801590658,-56.0,1
123.93145450273082,-4.6,1
124.3877836693478,-4.166666666666667,1
122.43818112305203,-2.5555555555555554,1
118.71600998277786,-1.4074074074074074,1
114.78252061223924,-1.3793103448275863,1
112.60188293230382,-1.7727272727272727,1
110.44295839402132,-1.5714285714285714,1
107.45962771662175,-1.36,1
104.66399029142552,-1.8181818181818181,1
102.31422801485594,-1.5217391304347827,1
100.70951852561764,-1.4782608695652173,1
97.80079114774503,-1.32,1
98.55680342485876,-1.2592592592592593,1
96.99798365330885,-1.2727272727272727,1
94.73587692906975,-1.1923076923076923,1
93.82872825189543,-1.1724137931034482,1
93.0306345443831,-1.1379310344827587,1
92.05061628887516,-1.0333333333333334,1
91.79562843211934,-0.967741935483871,1
90.70287627581544,-1.2758620689655173,1
89.88983108302298,-1.03125,1
89.004124316332,-0.9714285714285714,1
88.88323440220972,-0.9411764705882353,1
89.80256121069154,-1.0,1
90.39651456861515,-0.9655172413793104,1
90.50966799187808,-1.0,1
89.69024782079806,-0.96875,1
90.02130016145412,-1.125,1
89.3403790142766,-1.2413793103448276,1
89.3395826692661,-1.1071428571428572,1
89.69786813057387,-1.4615384615384615,1
89.5840816903745,-1.5,1
91.25439641389814,-1.4,1
90.62188207589011,-1.3225806451612903,1
89.8680714091694,-1.5769230769230769,1
89.33252938381106,-1.5769230769230769,1
85.6799542748072,-2.1538461538461537,1
85.42700835014713,-2.111111111111111,1
83.75533035271545,-2.3043478260869565,1
83.58313094568636,-2.12,1
83.35686298573296,-1.9583333333333333,1
81.3864267682715,-2.1,1
82.95784280146447,-1.3461538461538463,1
80.45161196922123,-1.3703703703703705,1
79.10732885993352,-1.3571428571428572,1
76.90544739356264,-1.4838709677419355,1
76.35241499237462,-1.4285714285714286,1
75.1168932179508,-1.7586206896551724,1
77.39999999999999,-1.3333333333333333,1
77.25359860297665,-1.3636363636363635,1
80.47266030524763,-1.0909090909090908,1
81.68752939718757,-1.2,1
79.57792451184457,-2.1904761904761907,1
80.46153846153838,-2.4,1
77.37687544710647,-4.214285714285714,1
73.03314778677435,-13.2,1
68.84857127250051,17.75,1
65.10782359581624,5.818181818181818,1
54.842370432001594,2.5416666666666665,0
56.99999999999997,2.4,0
62.5147121145833,2.8333333333333335,0
49.826964738927664,1.8,0
48.41728126263614,1.7352941176470589,0
60.889522991663235,2.4166666666666665,0
60.663571981191815,2.3333333333333335,0
67.69871931484508,3.0476190476190474,0
54.5698719626657,1.896551724137931,0
56.80861369167871,2.1153846153846154,0
56.7014414750325,2.230769230769231,0
57.66730963859763,2.4761904761904763,0
62.99712400995032,3.1333333333333333,1
53.9230769230769,2.4,1
72.48052718466279,7.6,1
75.21375794833685,13.333333333333334,1
70.23670956843489,7.6,1
79.65663336316898,-38.0,1
80.5407794832116,-13.666666666666666,1
90.1249133147988,-3.0,1
94.15896745463138,-1.5757575757575757,1
93.73584071635076,-1.131578947368421,1
92.13036328361893,-0.9245283018867925,1
91.78934377404606,-0.8421052631578947,1
91.36679448472367,-0.711864406779661,1
90.00390601111623,-0.5645161290322581,1
88.18669500029004,-0.5084745762711864,1
87.04209309902103,-0.53125,1
86.55085427499014,-0.5283018867924528,1
86.79177496925296,-0.7547169811320755,1
86.8214304132915,-0.7346938775510204,1
86.4068136768042,-0.8653846153846154,1
87.40563428007462,-0.7446808510638298,1
85.64476271617936,-0.8666666666666667,1
85.87020935800442,-0.8085106382978723,1
85.21137470067232,-0.7272727272727273,1
85.10366031238189,-0.8043478260869565,1
84.85281374238569,-1.0,1
84.14570696119915,-1.0,1
84.2008056235556,-1.1025641025641026,1
83.25567928211323,-1.2285714285714286,1
83.53202978498732,-1.2105263157894737,1
81.04481248634096,-1.457142857142857,1
82.0813311416301,-1.236842105263158,1
80.54001835034514,-1.4848484848484849,1
79.23234633583908,-1.6666666666666667,1
78.02755802452036,-1.7666666666666666,1
75.80554198473239,-1.9655172413793103,1
76.35641251392283,-1.8125,1
73.3430296619931,-2.0,1
73.55860713838604,-2.1153846153846154,1
68.57130958999119,-2.857142857142857,1
62.125174267703436,-4.615384615384615,1
59.39881204213895,-6.090909090909091,1
56.536550196125305,-6.6,1
53.20151771320861,-7.666666666666667,1
45.372797193103224,77.0,1
36.06276610728632,5.615384615384615,1
30.802024379614288,4.0,0
31.696191028962176,5.0625,0
24.544944756487865,3.4545454545454546,0
22.715802700052038,3.6666666666666665,0
20.937414389956615,3.857142857142857,0
17.244217771311902,3.5217391304347827,0
12.941849328651786,3.230769230769231,0
13.57165726887899,4.45,0
8.582344502998092,3.8333333333333335,0
7.446107081471042,5.294117647058823,0
7.178049194865025,9.0,0
5.237277079831128,18.8,0
3.0184707260459396,33.666666666666664,0
0.9701687028624603,-34.0,0
0.7311785993261003,-8.833333333333334,0
0.28060331794214916,-6.055555555555555,0
0.5536977364746044,-4.44,0
3.106619261884587,-4.833333333333333,0
2.9403558525898585,-4.137931034482759,0
4.989400529829092,-4.5,0
5.093248125762992,-4.0,0
6.305926250944657,-4.0,0
8.469468683630334,-5.384615384615385,0
7.500462299117643,-4.586206896551724,0
8.128320667993599,-5.074074074074074,0
9.00536165300422,-5.956521739130435,0
7.64346855505726,-5.541666666666667,0
7.376444548641247,-5.28,0
9.005703248446085,-7.411764705882353,0
7.415284516286888,-6.45,0
6.207825180188505,-5.28,0
6.545841346358417,-6.842105263157895,0
5.4560058650994865,-5.5,0
5.22529169843206,-5.28,0
6.6794585288789206,-7.052631578947368,0
6.14993190763233,-6.285714285714286,0
5.275478721295939,-6.2272727272727275,0
5.5614878975145725,-6.85,0
5.461886803349558,-6.7,0
5.237205749575436,-8.058823529411764,0
6.082972561259619,-10.384615384615385,0
6.374432273354772,-11.153846153846153,0
5.719554699864563,-8.9375,0
6.733348626933134,-12.909090909090908,0
6.090618344429595,-10.071428571428571,0
5.255223300454435,-7.833333333333333,0
5.648942910246413,-8.75,0
6.165167773896924,-7.666666666666667,0
6.876093548578967,-9.4,0
6.299937456660162,-7.944444444444445,0
5.625519374407494,-6.95,0
5.915439964811572,-7.2,0
5.322001448887939,-6.5,0
5.8747169279052285,-7.368421052631579,0
6.035828589829156,-7.666666666666667,0
5.1527290446218625,-7.882352941176471,0
5.406604550104827,-8.4375,0
5.379696804783619,-8.375,0
5.681376168588075,-9.133333333333333,0
6.367276802815886,-11.5,0
5.752788676250322,-9.333333333333334,0
5.580920779252845,-12.083333333333334,0
6.769873339375341,-24.5,0
6.77725380579456,-23.833333333333332,0
5.724439738210637,-22.833333333333332,0
5.943027976030823,-14.2,0
6.144401784795582,-34.0,0
6.569649460737921,-67.5,0
6.156834470979629,-34.5,0
7.20844655159459,139.0,0
7.9376691843525204,9.733333333333333,0
8.082570404050717,9.266666666666667,0
7.153498842269954,6.857142857142857,0
6.707359017333557,6.043478260869565,0
6.983727262710316,4.03030303030303,0
7.276068751089989,4.0,0
6.381036648158997,4.433333333333334,0
6.7911634716905835,4.151515151515151,0
6.554170345521715,4.466666666666667,0
5.883484054145521,5.0,0
5.443141776048469,4.40625,0
6.462289677334838,4.533333333333333,0
5.755713079367412,5.115384615384615,0
4.678612405669067,6.55,0
4.901477453896548,8.125,0
4.838676426414888,8.785714285714286,0
5.371855797096721,7.928571428571429,0
5.4449943802454905,8.25,0
6.3894901230583745,7.153846153846154,0
5.558242796423655,10.88888888888889,0
5.467168725414744,9.11111111111111,0
7.632061286863972,7.545454545454546,1
7.169364877456998,8.625,1
8.516539482630645,8.428571428571429,1
10.57828456889237,6.625,1
15.065586948816815,4.333333333333333,1
24.180343422765826,2.5714285714285716,1
34.391412165964205,-1.5,0
7.540580158527726,20.0,0
17.84656829757475,5.0,0
14.015925008580556,8.0,0
13.067699217028157,10.666666666666666,0
22.054733002309618,4.714285714285714,0
19.811528065631435,5.666666666666667,0
13.569323548171434,10.75,0
7.884327657593071,44.0,0
10.863574061022014,17.0,0
12.493932953867557,11.0,0
0.5667402091575047,-18.5,0
2.713178520393314,-35.0,0
5,-35.0,0
11.543321699669855,12.0,0
1.0376942967325187,-26.0,0
7.254016454143259,23.0,0
8.221083073205849,17.0,0
2.2633936510629633,-11.0,0
14.834940906458415,-3.5,0
3,-3.5,0
17.076299364909246,-3.0,0
9.805806756909202,-5.0,0
3,-5.0,0
21.354963890360967,-2.5,1
25.4911749434976,-2.0,1
25.043961347997644,-2.0,1
3,-2.0,1
4.949747468305833,-7.0,1
2.7160723812755556,-11.0,1
3,-11.0,1
7.069156454130364,-6.0,1
9.424979508030267,-4.75,1
0.46977617561176277,-17.0,1
0.4778094670393763,-23.0,1
3,-23.0,1
5.630549953912598,22.0,1
12.722082225280143,5.75,1
13.924245594811067,5.0,1
7.128617652227587,13.5,1
5.070597489853596,27.0,1
9.922778767136677,8.0,1
4.7476823614136245,32.0,1
7.557138666690337,12.0,1
7.910442926672143,11.333333333333334,1
9.716757927178417,8.25,1
8.746427842267952,9.666666666666666,1
5.429653034538368,23.0,1
20.554804791094465,3.0,1
17.585475900742683,3.75,1
18.55171084034393,3.75,1
18.55171084034393,3.75,1
1.8875946860038935,-27.0,1
0.8824784605798497,-11.666666666666666,1
4.434239231068637,-6.6,1
0.6643638388299198,-12.0,1
0.2660760420950957,-15.0,1
1.7585936873503494,-25.0,1
1.5773568421598623,-8.5,1
13.281566172707192,-3.0,1
2.108590488016544,-8.0,1
7.484100794743638,-4.5,1
13.281566172707192,-3.0,1
8.97381812634432,-4.0,1
3.959797974644666,-7.0,1
6.079600189283705,-5.0,1
9.597933733372379,-3.75,1
6.079600189283705,-5.0,1
9.76295481010761,-3.4,1
12.647164473935224,-2.8333333333333335,1
16.548091861670812,-2.2857142857142856,1
15.81332275236891,-2.375,1
0.5957261030921531,-8.333333333333334,1
4.054347771104078,-5.333333333333333,1
1.2980552728017947,-7.25,1
1.917412472118426,-13.0,1
0.5611587602421321,-9.75,1
0.9480909262799544,-10.5,1
1.016187192398576,-8.8,1
1.0395077235710795,-8.6,1
0.06946752669712337,-10.75,1
1.0221292926356904,-13.333333333333334,1
5,-13.333333333333334,1
2.948271984113342,-7.6,1
1.2088531618235645,-19.0,1
1.1334804183150093,-18.5,1
0.37119073519485174,-14.333333333333334,1
9.12739664283004,10.25,1
4.2314140502750215,43.0,1
6.202951162115019,24.0,1
5.208052786539672,23.5,1
4.203459990359418,44.0,1
9.888452052911184,7.6,1
4.470497825696879,36.0,1
7.161926173220971,12.666666666666666,1
8.0050346768316,8.75,1
8.108160243854451,8.6,1
3,8.6,1
5.642950714659822,20.0,1
4.393215908734881,38.0,1
0.5408738951941064,-11.666666666666666,1
1.9682177735786968,-17.5,1
0.9698464391547201,-17.5,1
4,-17.5,1
7.803518832310193,10.75,1
11.26978260659894,5.5,1
12.654423188336489,4.25,1
21.65256467596806,1.8461538461538463,1
28.123053778815557,1.1176470588235294,0
32.69934045144487,0.7307692307692307,0
37.21324831898712,0.45544554455445546,0
41.00324631277242,0.33620689655172414,0
44.82702059326909,0.23255813953488372,0
48.63001725271159,0.11851851851851852,0
50.0297365030063,0.10294117647058823,0
50.38034335893926,0.08783783783783784,0
49.77453414200306,0.12418300653594772,0
48.29129597930019,0.13815789473684212,0
48.73511301924707,0.1310344827586207,0
45.71614822771115,0.19014084507042253,0
43.17134125646727,0.25,0
40.381487101719294,0.336,0
42.24850647568154,0.2966101694915254,0
35.998159488351746,0.5247524752475248,0
33.06064539071595,0.7283950617283951,0
32.59870807130382,0.9516129032258065,0
30.67938024636898,1.5952380952380953,1
28.61559554260979,2.6538461538461537,1
27.921598073547745,7.1,1
29,7.1,1
25.93379643925679,-4.333333333333333,1
21.126157365136983,-3.0476190476190474,0
26.832815729997474,-2.0,0
14.240392340204417,-1.08,0
27.787001822983445,-1.34,0
26.900191041158777,-1.1636363636363636,0
31.236149593381747,-1.1578947368421053,0
36.998503088222854,-1.1896551724137931,0
49.21755637698863,-1.42,0
31.241615536937864,-0.9016393442622951,0
33.23544830180764,-0.8513513513513513,0
29.37149557277923,-0.7303370786516854,0
23.62313113481288,-0.6703296703296703,0
22.150940223183543,-0.6019417475728155,0
35.94196634062642,-0.6554621848739496,0
23.51749038834252,-0.5220588235294118,0
28.691064088444747,-0.5323741007194245,0
32.64692656361953,-0.5563380281690141,0
28.51484916476514,-0.5172413793103449,0
29.004900278230448,-0.5172413793103449,0
24.672071800130045,-0.48344370860927155,0
23.34413178907382,-0.4697986577181208,0
28.826871642242153,-0.5069444444444444,0
28.723816569341494,-0.503448275862069,0
40.209526820702614,-0.5724137931034483,0
37.60704396423736,-0.5563380281690141,0
51.1489098013998,-0.6974789915966386,0
47.611637154117176,-0.7127659574468085,0
56.938675198335815,-0.8955223880597015,0
83.66704211726132,-1.5121951219512195,0
104.11112338055285,-3.111111111111111,0
117.85729698716239,-28.5,1
119.92863731728333,9.0,1
121.70866303479848,6.75,1
122.48832914131555,3.642857142857143,1
120.97546360898355,2.6842105263157894,1
119.84615384615385,2.4,1
119.19938693698822,2.090909090909091,1
116.50321883965267,1.5555555555555556,1
114.81684946876517,1.4827586206896552,1
113.15715764467403,1.1714285714285715,1
111.79930313872995,1.205128205128205,1
109.11481112995625,1.0232558139534884,1
106.32945556563764,0.8913043478260869,1
105.60601495178317,0.84,1
102.3447043844802,0.7678571428571429,1
101.28588004690498,0.864406779661017,1
99.03084862838664,0.8382352941176471,1
97.64298746729973,0.8289473684210527,1
96.27736821625489,0.8205128205128205,1
94.75639735958615,0.7468354430379747,1
95.22569576446196,0.7682926829268293,1
93.4288484928514,0.7368421052631579,1
94.03115984803205,0.7375,1
94.4073544029066,0.7662337662337663,1
92.59291539782728,0.6962025316455697,1
93.86393377019593,0.7866666666666666,1
92.85147945186361,0.7123287671232876,1
95.42216851393829,0.8,1
95.1403369779801,0.7761194029850746,1
96.08214167242569,0.803030303030303,1
96.89979710951961,0.8870967741935484,1
97.2933103316673,0.8571428571428571,1
96.87458364286297,0.8939393939393939,1
96.15629400466891,0.8095238095238095,1
96.53900408821727,0.8461538461538461,1
97.14719866316457,0.9206349206349206,1
96.70133976541398,0.8636363636363636,1
97.45868196454067,0.875,1
97.35495963576008,0.8636363636363636,1
97.56341170807816,0.8870967741935484,1
99.28450843589485,0.9272727272727272,1
100.64716752223885,1.0576923076923077,1
100.05263844131201,0.9454545454545454,1
101.24193548362881,1.0196078431372548,1
101.47474235978845,1.0545454545454545,1
102.83435920943701,1.2083333333333333,1
102.6217132851121,1.14,1
103.14697917736716,1.288888888888889,1
103.94190672666765,1.2916666666666667,1
104.85148482462789,1.391304347826087,1
104.15108788961327,1.6341463414634145,1
104.13794564969069,1.6428571428571428,1
104.00170066148348,1.5681818181818181,1
103.16006713866946,1.565217391304348,1
102.41012561213455,1.7777777777777777,1
101.95655183232935,1.75,1
102.03006924228663,1.6808510638297873,1
101.7794551108233,1.8666666666666667,1
101.92681350714686,1.7727272727272727,1
101.98365543117062,1.7272727272727273,1
101.88788696127702,1.8,1
101.8666874367088,1.813953488372093,1
101.66433374963293,1.9285714285714286,1
101.91986437250199,1.7777777777777777,1
101.79026938012122,1.8604651162790697,1
101.10294759408504,1.7391304347826086,1
99.00221968107263,1.9090909090909092,1
98.33123573005426,1.7727272727272727,1
95.57180175448951,1.853658536585366,1
92.89887640449439,2.051282051282051,1
90.40149431686741,1.975,1
87.57608400123041,2.027027027027027,1
84.97257179304883,1.8421052631578947,1
81.62993707158145,1.9210526315789473,1
77.83545094904717,2.135135135135135,1
74.445384683785,2.212121212121212,1
71.09124522367773,2.5714285714285716,1
66.21632053332755,3.625,1
60.86784214800871,5.625,1
57.96056532738772,6.466666666666667,1
52.28639292235191,12.125,0
47.344351849462534,17.333333333333332,0
42.21268493273994,18.0,0
37.98630866532966,13.25,0
30.530384479573595,25.75,0
28.159648372871246,7.384615384615385,0
24.83477811679243,5.526315789473684,0
19.809906973866592,4.863636363636363,0
16.602590180781576,3.138888888888889,0
11.700427342623003,3.0,0
6.749104925376955,2.627906976744186,0
4.188362602948075,2.1403508771929824,0
0.40721888888153346,2.0925925925925926,0
5.239157857488107,2.076923076923077,0
8.281043599668449,1.9811320754716981,0
10.339901543997835,1.8653846153846154,0
21.045001828559215,2.4047619047619047,0
24.79991527536676,2.357142857142857,0
31.25218406061562,2.525,0
37.30756736265881,2.7567567567567566,0
48.529557818913524,3.689655172413793,0
57.70664737203816,5.318181818181818,0
64.4598727084039,6.882352941176471,0
72.15488337598255,13.75,1
75.70696764604877,20.6,1
83.63930666250673,-18.333333333333332,1
91.88171732749501,-4.863636363636363,1
99.4891473009191,-2.475,1
104.21944653044477,-1.6964285714285714,1
107.74900953885273,-1.2285714285714286,1
108.32820854850699,-1.095890410958904,1
108.42426534497416,-0.9625,1
108.89992636869815,-0.7872340425531915,1
108.99696349866359,-0.6701030927835051,1
108.75612416125551,-0.6346153846153846,1
107.05713787146924,-0.6666666666666666,1
106.04282334287308,-0.74,1
104.39742257106349,-0.8777777777777778,1
102.35854723953665,-0.9431818181818182,1
100.78214065594662,-1.0340909090909092,1
99.94891626475133,-1.0481927710843373,1
98.7693725736614,-1.170731707317073,1
98.11073577383799,-1.2467532467532467,1
97.94724617031072,-1.2625,1
96.74622083794651,-1.3972602739726028,1
98.08690445510062,-1.325,1
98.26516745787258,-1.4647887323943662,1
99.51522570422247,-1.4225352112676057,1
100.87932879255185,-1.4507042253521127,1
100.6033210024466,-1.6206896551724137,1
101.75783606255419,-1.6785714285714286,1
102.2632617554445,-1.8653846153846154,1
103.87586076442264,-1.7843137254901962,1
103.2839289449623,-2.108695652173913,1
105.81197403148583,-1.9166666666666667,1
104.38999126008376,-2.261904761904762,1
103.74972070467476,-2.6216216216216215,1
103.92326780283521,-2.90625,1
106.57761352736769,-2.6176470588235294,1
108.45277714710959,-2.4705882352941178,1
109.92064241990492,-2.388888888888889,1
110.84308340820624,-2.388888888888889,1
110.73340447940528,-2.4054054054054053,1
110.49417901186303,-2.588235294117647,1
111.51565623058768,-2.484848484848485,1
114.52089523215734,-2.1794871794871793,1
114.03655492111879,-2.3055555555555554,1
115.57883273844398,-1.9743589743589745,1
117.58629635238803,-1.7804878048780488,1
119.10966766614253,-1.5909090909090908,1
120.04559944431928,-1.469387755102041,1
119.42260553791564,-1.5510204081632653,1
119.38597551804128,-1.6222222222222222,1
120.36994258087472,-1.5,1
119.52979233510457,-1.6046511627906976,1
119.36107103536955,-1.5869565217391304,1
120.26420257372658,-1.4791666666666667,1
121.24665717554625,-1.3541666666666667,1
121.84642030705317,-1.2692307692307692,1
122.04828412176195,-1.3269230769230769,1
121.27127506490324,-1.425531914893617,1
122.00000000000001,-1.3333333333333333,1
121.3437561613837,-1.4166666666666667,1
121.84070020345543,-1.3541666666666667,1
122.05122864899741,-1.3265306122448979,1
121.56024147595424,-1.2857142857142858,1
121.0934567905715,-1.346938775510204,1
121.84817523784565,-1.2452830188679245,1
121.21427796730936,-1.2244897959183674,1
121.81553427311273,-1.25,1
121.6295927990995,-1.16,1
120.8824325103799,-1.2708333333333333,1
121.08597219773989,-1.14,1
119.6909701545215,-1.2641509433962264,1
119.54300803154811,-1.2857142857142858,1
114.04821836955806,-1.4583333333333333,1
111.2322077637368,-1.5686274509803921,1
108.04410863978056,-1.6666666666666667,1
103.8257478983901,-1.8666666666666667,1
101.35703432738799,-1.8333333333333333,1
98.38699100999074,-2.0,1
93.39321179893092,-2.372093023255814,1
88.20282843310032,-2.675675675675676,1
83.34050255378895,-2.888888888888889,1
86.03668322239749,-2.4210526315789473,1
79.99199570202003,-2.857142857142857,1
72.91820792985554,-4.125,1
64.91402539566701,-4.428571428571429,1
57.03031533072868,-9.1,1
48.69999252118575,-81.0,1
45,-81.0,1
38.01878865073148,11.571428571428571,1
30.17315156135514,5.857142857142857,1
28.213373751437242,6.285714285714286,1
22.394252289804538,4.684210526315789,0
21.84449238549704,4.476190476190476,0
20.50844010874179,5.052631578947368,0
15.037208752252644,4.0,0
11.442361483808828,3.6538461538461537,0
9.206343289100008,6.0,0
7.169541030754338,9.6,0
6.6735847136296504,34.0,0
4.387414673367662,-18.8,0
2.7833765934567802,-7.75,0
4.283137097193648,-3.103448275862069,0
4.953801165307479,-2.142857142857143,0
2.782286492156476,-2.3658536585365852,0
3.0978728176083026,-1.7307692307692308,0
2.3919685237038055,-1.3650793650793651,0
3.864237655372766,-1.0128205128205128,0
1.7141969370074632,-0.967032967032967,0
8.608118044372809,-0.7796610169491526,0
11.740464060048229,-0.697841726618705,0
12.390143253034626,-0.6137931034482759,0
10.50848858114907,-0.5256410256410257,0
22.324007863281594,-0.567741935483871,0
15.389856942671416,-0.5058823529411764,0
20.070586285379296,-0.5033557046979866,0
44.61727870142657,-0.6901408450704225,0
47.34724423178668,-0.6733333333333333,0
38.45076772265462,-0.5714285714285714,0
25.235422643906656,-0.4713375796178344,0
12.15192562659943,-0.3869047619047619,0
1.9683733539306636,-0.3192771084337349,0
8.773020965034641,-0.36046511627906974,0
17.513389090896545,-0.41509433962264153,0
26.415694508059033,-0.4791666666666667,0
27.500720489930846,-0.48936170212765956,0
34.87935141541925,-0.5614035087719298,0
45.74435410594807,-0.6808510638297872,0
51.37135229974072,-0.7837837837837838,0
55.61309953524295,-0.9215686274509803,0
104.48794153875986,-2.75,0
119.87756712066829,1.0285714285714285,1
116.33249330162586,1.0303030303030303,1
115.25200471212611,0.9024390243902439,1
97.3925406042386,0.5223880597014925,1
94.36206865049112,0.5,1
94.79458679905122,0.5774647887323944,1
86.43202870349042,0.45263157894736844,1
85.41779674049197,0.5,1
84.970583144992,0.5,1
81.88214909224892,0.4125,1
83.32427476492472,0.5064935064935064,1
84.2494583480151,0.6027397260273972,1
83.03789531651657,0.5352112676056338,1
84.8243679525432,0.6417910447761194,1
85.50911658161158,0.6521739130434783,1
85.84325545140659,0.6376811594202898,1
86.23258227019873,0.684931506849315,1
88.6564957131783,0.7945205479452054,1
88.93714373162096,0.8428571428571429,1
88.86059142438049,0.7714285714285715,1
90.6152903063511,0.890625,1
89.47139487867231,0.7714285714285715,1
89.34032277763518,0.7183098591549296,1
89.95583838887946,0.828125,1
89.33182563242246,0.7878787878787878,1
90.3534820808691,0.8888888888888888,1
90.50966799187808,1.0,1
89.67275158172421,1.088235294117647,1
89.53715330653945,1.2121212121212122,1
88.80320563319793,1.1857142857142857,1
88.66135079686198,1.3709677419354838,1
88.5942073452296,1.2622950819672132,1
88.95540457237412,1.4181818181818182,1
89.06459842719893,1.3571428571428572,1
88.79822832710886,1.5471698113207548,1
88.80364040464998,1.396551724137931,1
89.9460126884786,1.5555555555555556,1
89.9384173694363,1.8888888888888888,1
89.27714317712675,2.3469387755102042,1
90.54935405822613,2.5833333333333335,0
90.44114108081564,3.0,0
91.67607590431703,3.046511627906977,0
92.23793680956383,3.58974358974359,0
92.02231711745497,3.5135135135135136,0
93.00259347676835,3.8529411764705883,0
93.41416519789878,4.3,0
94.13574486632834,5.0,0
94.75477355656639,4.413793103448276,0
95.41829256397367,4.846153846153846,0
95.27717262094583,5.333333333333333,0
95.2318396327222,4.625,1
96.6653087756492,4.809523809523809,1
97.96524106487436,4.208333333333333,1
100.21946125632374,3.8,1
102.05889901387594,3.5,1
103.08313072058019,3.533333333333333,1
107.67152610716803,2.2,1
109.36831466557443,2.0625,1
110.88705272275237,1.75,1
111.37931034482759,1.05,1
111.3990142017045,1.3157894736842106,1
111.73619985878291,1.1363636363636365,1
111.97893795623,1.368421052631579,1
113.36396797734909,1.380952380952381,1
113.32539981299234,1.411764705882353,1
113.39999999999999,1.3333333333333333,1
113.26227958494363,1.1764705882352942,1
111.9920636502325,1.35,1
111.39999999999998,1.3333333333333333,1
108.40099847597457,1.2758620689655173,1
105.42281563045479,1.28125,1
101.78028570099936,0.9024390243902439,1
101.00689040908229,1.186046511627907,1
98.06710978992841,1.183673469387755,1
95.80605453101417,1.108695652173913,1
93.89579197427211,0.8653846153846154,1
93.62948316362521,0.9183673469387755,1
91.91288843820307,0.8627450980392157,1
90.08768978720536,0.7407407407407407,1
89.32857658439765,0.7272727272727273,1
89.0508008664225,0.7547169811320755,1
88.79813501081661,0.7321428571428571,1
88.64330638250898,0.7931034482758621,1
88.82556103883294,0.8135593220338984,1
88.39375865811525,0.7678571428571429,1
90.02130016145414,0.8888888888888888,1
90.12893195110743,0.9074074074074074,1
89.13647647044158,0.7962962962962963,1
89.38786922882979,0.8214285714285714,1
91.12787052338689,0.9787234042553191,1
90.41096436639971,0.9782608695652174,1
91.44948349412273,1.0612244897959184,1
91.37945315063526,1.04,1
91.49450166876936,1.0769230769230769,1
91.297266536062,1.0185185185185186,1
91.01472588470972,0.9607843137254902,1
90.95446894630113,0.8518518518518519,1
90.57096894114451,0.8846153846153846,1
91.74409664657745,0.9565217391304348,1
89.94133820721052,0.7291666666666666,1
89.571001422528,0.7291666666666666,1
90.83911369130678,0.8863636363636364,1
92.5185579457248,0.918918918918919,1
93.34880585506008,0.9705882352941176,1
94.09516270312793,0.9629629629629629,1
93.29523031752483,0.6,1
90.95085938862488,0.42105263157894735,1
87.31282501307987,0.25,1
76.0,0.0,1
95.12368275807675,0.6153846153846154,1
87.3549787229801,0.2727272727272727,1
93.33809511662427,1.0,1
81.93843552628306,2.25,1
12.969194269498779,-2.0,1
36.08536886542586,-5.0,1
39.032294321497425,-7.0,1
49,-7.0,1
30.98634935183308,-5.0,1
27.460217407929832,-4.166666666666667,1
26.777088822565794,-4.555555555555555,1
35.99659945625132,-17.0,1
35.85142720510095,-56.0,1
35.01168915114708,61.0,1
35.20857708731247,14.2,1
38.21930862025875,8.125,1
35.44482824131897,5.333333333333333,1
34.29114928258917,4.05,1
36.28812166530413,2.892857142857143,1
36.989852396675865,2.2857142857142856,1
36.3728845156593,2.135135135135135,1
32.65837020334614,2.6470588235294117,1
34.26985252056684,2.282051282051282,1
32.78607809234479,2.484848484848485,1
33.34556001094431,2.4054054054054053,1
32.42217642632264,2.4054054054054053,1
31.415591680977887,2.696969696969697,1
33.72604189108683,2.2857142857142856,1
30.625749322907062,3.3181818181818183,1
31.346321238761348,3.5555555555555554,1
29.969536378138454,4.714285714285714,1
30.40073058150912,5.076923076923077,1
27.011479041326115,7.0,1
27.152900397563425,7.0,1
22.109547156640232,23.0,1
20.74116587231361,97.0,1
21.70483927730911,102.0,1
18.751563949156747,-22.6,1
21.344296973956556,-113.0,1
19.72049982144335,-23.0,1
18.55615893666463,-17.0,1
18.714168919382853,-14.5,1
17.439550769285393,-12.0,1
16.368767066931866,-10.454545454545455,1
12.586500705120546,-7.0,1
20.95772096382495,-20.166666666666668,1
15.329361113246442,-8.571428571428571,1
15.838543357498791,-9.153846153846153,1
13.796179633895239,-7.666666666666667,1
10.93640997330872,-6.388888888888889,1
8.100548632325797,-5.428571428571429,1
12.500679508054198,-8.153846153846153,1
9.783778860614177,-6.733333333333333,1
7.690275528943642,-6.375,1
8.617183043426087,-6.857142857142857,1
5.273345334925247,-5.611111111111111,1
8.173100428723691,-7.2727272727272725,1
13.182409621392788,-12.857142857142858,1
9.103121651758684,-10.25,1
8.927049336534179,-11.285714285714286,1
1.5328513469458835,-6.666666666666667,1
10.33293051802161,-22.333333333333332,1
1.5709307474023793,-8.375,1
3.582133884755961,-10.0,1
3.406161103944202,-9.833333333333334,1
1.7526187135109579,-8.5,1
0.261876738509071,-7.571428571428571,1
0.0957704261361582,-6.888888888888889,1
2.5304419040930446,-9.166666666666666,1
4.076240605452003,-10.6,1
9.792169395473536,-25.0,1
16.63888349312959,28.5,1
10.173873023961539,-57.0,1
26.305706986296737,6.666666666666667,1
18.27586553056618,12.6,1
29.81704985408277,5.153846153846154,1
21.758895239260376,8.125,1
25.670468764007985,5.818181818181818,1
28.75977664160917,4.428571428571429,1
33.432809461448606,3.3684210526315788,1
33.52014319778482,3.0,1
36.87650533370392,2.4642857142857144,1
36.726094788669684,2.3448275862068964,1
37.58950136394622,2.121212121212121,1
35.36720384146787,2.09375,1
31.474752954019227,2.0606060606060606,1
35.39438098810176,1.8108108108108107,1
38.930178827349486,1.6666666666666667,1
38.74903493208729,1.5789473684210527,1
40.31385798334944,1.4878048780487805,1
27.917300651668988,1.8888888888888888,1
25.01147663285467,1.9393939393939394,1
27.073315121931344,1.7777777777777777,1
24.76778949011024,1.8,1
26.582280697088848,1.6666666666666667,1
20.031980800137333,1.8333333333333333,1
13.929526341376876,2.0588235294117645,1
3.4960800214945293,2.5384615384615383,1
2.7465489195715795,3.0476190476190474,1
14.736879240738084,4.666666666666667,1
31.17071150366276,18.5,1
54.08726682346255,-6.0,1
67.17088224250794,-2.9523809523809526,1
89.49245778276517,-1.4444444444444444,1
92.03769019366459,-1.3636363636363635,1
98.70562199167435,-1.1320754716981132,1
105.9542768773331,-0.9333333333333333,1
108.15317975350531,-0.8852459016393442,1
110.6865492279187,-0.8225806451612904,1
114.32023009208463,-0.7457627118644068,1
110.61417630665605,-0.9655172413793104,1
110.31833821539524,-1.1,1
106.89752352588039,-1.3137254901960784,1
106.89340393098912,-1.4222222222222223,1
100.08890841573059,-1.9,1
99.19554115289351,-2.090909090909091,1
90.59714591983717,-3.16,1
92.55636996782893,-3.1538461538461537,1
94.62212186347305,-3.25,1
85.86501033599193,-5.5,1
89.42895762301193,-5.0,1
88.71875553114093,-5.733333333333333,1
85.29858830466088,-8.181818181818182,1
84.09918523244338,-9.88888888888889,1
83.02127912098949,-11.0,1
82.69469565016524,-12.857142857142858,1
88.85945097960916,-7.333333333333333,1
89.63771011769828,-6.5,1
80.56992619715406,-14.833333333333334,1
85.69742943310875,-9.444444444444445,1
83.43049956324518,-10.75,1
86.62651097258005,-8.2,1
90.01456529538936,-5.857142857142857,1
95.75392926200797,-4.05,1
102.53151525864556,-2.925925925925926,1
107.40866207925308,-2.3333333333333335,1
106.91147579006872,-2.264705882352941,1
111.26682280371352,-1.9,1
108.65652026558934,-2.0277777777777777,1
115.54975078471814,-1.6097560975609757,1
118.4027403967276,-1.4523809523809523,1
123.12957032780115,-1.2222222222222223,1
126.97751681732696,-1.04,1
127.79316690513855,-0.9791666666666666,1
127.78730107507737,-0.9512195121951219,1
127.12818575052162,-0.9777777777777777,1
127.82730338244548,-0.9777777777777777,1
127.80406336543749,-0.9787234042553191,1
124.15299238134125,-1.125,1
116.44194898179512,-1.4166666666666667,1
115.50579344678012,-1.4324324324324325,1
115.67619723533635,-1.435897435897436,1
112.58622213552687,-1.5789473684210527,1
118.15101977717973,-1.2926829268292683,1
114.54012383338831,-1.45,1
116.91095588893397,-1.380952380952381,1
115.06734153716347,-1.4634146341463414,1
111.83011119770829,-1.6153846153846154,1
112.89598912989675,-1.5789473684210527,1
108.00308665516086,-1.8055555555555556,1
110.13336643661734,-1.7179487179487178,1
105.52303802687204,-2.0285714285714285,1
102.08357494734426,-2.225806451612903,1
102.3322206248652,-2.272727272727273,1
102.24535882895545,-2.25,1
102.45183800873258,-2.235294117647059,1
97.64993244135319,-2.5806451612903225,1
99.53892637321943,-2.4242424242424243,1
94.57089325562295,-2.9642857142857144,1
94.2512427231317,-2.9642857142857144,1
91.3862088046315,-3.259259259259259,1
94.44967967061591,-2.875,1
85.63274257653309,-4.083333333333333,1
87.08997588939233,-3.75,1
82.00883816541409,-4.521739130434782,1
83.65669572308946,-3.96,1
82.13263898272172,-4.2,1
81.46407097877083,-3.9615384615384617,1
80.24178491684671,-3.962962962962963,1
80.45817910256712,-3.566666666666667,1
80.9603722166599,-3.4516129032258065,1
80.37933911704313,-3.2666666666666666,1
79.5342243354812,-3.09375,1
75.84326512159295,-3.3225806451612905,1
79.52336064697465,-2.6842105263157894,1
74.49250907034833,-3.090909090909091,1
78.07983069282523,-2.525,1
72.81134073293778,-2.8529411764705883,1
76.16513983133365,-2.45,1
73.57910838826717,-2.5121951219512195,1
78.6424128653481,-2.152173913043478,1
71.55680268075726,-2.641025641025641,1
74.80798495213972,-2.2666666666666666,1
69.98727927449798,-2.55,1
71.29065929630721,-2.4390243902439024,1
70.52168766237926,-2.5853658536585367,1
69.36947012872265,-2.6923076923076925,1
68.09872281786161,-2.7837837837837838,1
67.39148664453364,-2.857142857142857,1
62.469598403983966,-3.566666666666667,1
61.64042992743867,-3.6551724137931036,1
58.929264061973726,-4.346153846153846,1
55.59410769859707,-5.086956521739131,1
58.443306455252284,-4.583333333333333,1
56.28975487319037,-5.428571428571429,1
54.344158328968405,-6.166666666666667,1
46.339909976576,-13.25,1
48.844217652297274,-9.7,1
48.45348610754703,-10.222222222222221,1
49.46949295578228,-9.2,1
45.71205282831784,-14.666666666666666,1
37.84807459211434,87.0,1
41.158200763547356,-87.0,1
30.006829823651355,9.333333333333334,1
28.334720130505307,7.6,1
29.009936559978442,7.5,1
30.588895913128763,8.444444444444445,1
17.473798348117658,3.823529411764706,1
19.40285000290664,4.0,1
7.883153892461668,2.764705882352941,1
1.5231489047305073,2.3157894736842106,1
10.133154728033501,1.7916666666666667,1
14.945970108089638,1.6,1
29.51684099694655,1.25,1
34.006008725541776,1.1538461538461537,1
34.47521204526764,1.16,1
40.208039753357774,1.0714285714285714,1
46.056830917988115,0.9583333333333334,1
22.823023703245447,1.565217391304348,1
30.88173480609379,1.48,1
12.426632972815792,2.3684210526315788,1
17.881350840466233,2.3157894736842106,1
0.459732217481454,5.222222222222222,1
3.73321691271079,8.333333333333334,1
3.436256722366467,7.5,1
2.4558575191136343,13.4,1
3.7485540774476935,36.0,1
2.306461656963852,75.0,1
5.638345093247633,-72.0,1
2.3190620475717774,-9.0,1
1.7506512356417243,-4.3125,1
14.680946754431652,-1.8928571428571428,1
19.640816980299327,-1.4473684210526316,1
17.89004252053036,-1.3829787234042554,1
17.634655988695606,-1.2264150943396226,0
3.4553854656106653,-1.4528301886792452,0
9.681898086701679,-1.1833333333333333,0
2.790062369515368,-1.2580645161290323,0
5.217467302278078,-1.1833333333333333,0
6.837881388339383,-1.4482758620689655,0
17.402700431280323,-1.7058823529411764,0
19.330357246962595,-1.7446808510638299,0
32.55515948278641,-2.4411764705882355,1
67.51992240999934,18.4,1
76.79449447728963,4.142857142857143,1
90.13770141113413,1.6851851851851851,1
96.873629022557,1.0,1
99.44995425384116,0.6947368421052632,1
99.63608498254497,0.6116504854368932,1
99.85814045200277,0.5619047619047619,1
99.90914449313121,0.48672566371681414,1
101.07357149880518,0.47058823529411764,1
102.55724346423894,0.3951612903225806,0
102.66876669187648,0.4015748031496063,0
102.66791251574826,0.4016393442622951,0
101.76129409362757,0.46153846153846156,0
100.6559558201274,0.4732142857142857,1
99.96941841434392,0.48598130841121495,1
99.10527709645127,0.5339805825242718,1
99.29400564419049,0.5490196078431373,1
99.67447993074204,0.5544554455445545,1
100.0099264453289,0.5360824742268041,1
99.08343166827109,0.5851063829787234,1
99.42546528016739,0.5463917525773195,1
98.55117127658713,0.6210526315789474,1
98.78991991019159,0.6086956521739131,1
98.76565982327219,0.6373626373626373,1
98.01857608748212,0.7191011235955056,1
98.3567310198111,0.7625,1
95.94749649722318,0.9078947368421053,1
97.97843885627167,0.8051948051948052,1
93.99966841181991,1.0746268656716418,1
91.59999999999998,1.3333333333333333,1
85.32014215879744,2.0833333333333335,1
63.76655739392435,15.6,1
44.087719190876115,-4.466666666666667,1
24.37532906916366,-2.0294117647058822,1
13.435598622496412,-1.5106382978723405,0
10.028338225626802,-0.9545454545454546,0
23.574548728766178,-0.6938775510204082,0
23.535713475917532,-0.67,0
27.05922648802497,-0.6476190476190476,0
25.060616737963237,-0.6513761467889908,0
29.3908187146786,-0.6111111111111112,0
32.45170996926576,-0.5765765765765766,0
28.72299759404113,-0.6074766355140186,0
30.903342511550186,-0.5865384615384616,0
33.96041834407188,-0.5576923076923077,0
33.590615994812026,-0.5566037735849056,0
32.44123067296328,-0.5673076923076923,0
35.027880962772066,-0.5514018691588785,0
35.58281530177544,-0.5462962962962963,0
33.447419127935134,-0.5660377358490566,0
38.21098302062088,-0.5181818181818182,0
39.68106309287376,-0.509090909090909,0
37.61091823913084,-0.5277777777777778,0
37.61091823913084,-0.5277777777777778,0
34.64802766867644,-0.5504587155963303,0
34.202152634025985,-0.5545454545454546,0
34.308312229190484,-0.5535714285714286,0
35.735105132565366,-0.5405405405405406,0
37.71312768784895,-0.5185185185185185,0
35.32216165615333,-0.5357142857142857,0
38.84137555749399,-0.5045045045045045,0
37.8848754485754,-0.5089285714285714,0
42.13694889953941,-0.46846846846846846,0
39.9516576333497,-0.49107142857142855,0
38.46036921299638,-0.5,0
37.01514523740113,-0.5084745762711864,0
37.56594202199646,-0.5,0
32.28357009577626,-0.5409836065573771,0
44.60753353295669,-0.432,0
36.1917766510154,-0.5039370078740157,0
36.71498458873588,-0.49230769230769234,0
36.22430123549659,-0.5,0
39.732785192401586,-0.46825396825396826,0
49.03979185463748,-0.3984375,0
47.026535874226504,-0.4140625,0
34.7571646411177,-0.512,0
36.51944248670637,-0.5161290322580645,0
32.486951310787234,-0.5517241379310345,0
34.61544728262005,-0.5420560747663551,0
22.095724122528484,-0.6704545454545454,0
18.012758241298272,-0.7272727272727273,0
2.7628287869176957,-1.03125,0
24.057781771252607,-1.5416666666666667,0
43.72678220731211,-2.68,1
68.02704367245096,-15.6,1
78.23869487276949,8.333333333333334,1
88.65975420451312,2.8461538461538463,1
90.10193105934042,2.1052631578947367,1
91.74346688900611,1.7058823529411764,1
92.21972859720115,1.490566037735849,1
91.01839085473085,1.3703703703703705,1
90.18329479286511,1.3220338983050848,1
87.0898470469547,1.3770491803278688,1
86.73497159657349,1.3015873015873016,1
86.04175776894834,1.295774647887324,1
83.62166693238075,1.3088235294117647,1
85.75545865147356,1.1081081081081081,1
83.2685445491776,1.2575757575757576,1
82.50416991338889,1.303030303030303,1
81.39550112525521,1.509433962264151,1
81.63186350937708,1.5490196078431373,1
77.20399161494984,1.975609756097561,1
72.63333479860673,2.793103448275862,1
71.41654450191068,3.2083333333333335,1
64.14212024789941,6.230769230769231,1
57.12719422897275,20.5,1
57.50493993871378,18.75,1
52.877001842677515,-76.0,1
50.550799801012275,-35.0,1
47.204084100799804,-22.666666666666668,1
54.192589255107514,13.4,1
60.058491030224765,4.916666666666667,1
61.57965617031373,3.736842105263158,1
64.60356405642968,2.896551724137931,1
70.13849387103168,2.0833333333333335,1
68.32200468607697,2.1219512195121952,1
69.063756942097,1.82,1
71.46016674275678,1.537037037037037,1
69.8071892888887,1.5357142857142858,1
76.2505521922172,1.161764705882353,1
75.53106621195754,1.1267605633802817,1
77.07463914933368,1.0,1
77.69332760739789,0.9240506329113924,1
77.07960296583113,0.9,1
80.5353453762847,0.7654320987654321,1
82.4141619447457,0.6741573033707865,1
82.4925785945878,0.6630434782608695,1
83.80077682403497,0.6326530612244898,0
82.94885052415547,0.6170212765957447,0
80.70887855077083,0.6666666666666666,1
80.3223398838026,0.6777777777777778,1
79.20941976766903,0.7096774193548387,1
79.37259128580017,0.6813186813186813,1
76.89248646655722,0.7472527472527473,1
76.15961143178497,0.7634408602150538,1
73.18879623948982,0.851063829787234,1
75.83639319999891,0.7816091954022989,1
72.6109065817961,0.8850574712643678,1
72.32959408041826,0.9418604651162791,1
72.60636501497426,0.9032258064516129,1
71.4177848998413,1.0,1
70.07555795614392,1.0888888888888888,1
69.34024884706665,1.273972602739726,1
69.38723739947088,1.3676470588235294,1
67.48077609481895,1.7586206896551724,1
64.94072487003272,2.3255813953488373,1
60.52162869331701,3.9130434782608696,1
50.07573417712209,27.666666666666668,1
40.64034392798802,-7.5,1
39.615459297913176,-5.0,1
29.513961103903313,-3.066666666666667,1
9.01923535200415,-1.7826086956521738,1
42.6,-0.75,0
62.0601200814123,-0.5161290322580645,0
55.39404300103038,-0.6,0
89.33100296026933,-0.2413793103448276,0
131.64206578507833,0.35714285714285715,0
137.0611707973404,0.5172413793103449,0
137.25037475231096,0.42424242424242425,0
136.30765908287407,0.32432432432432434,0
142.6611369644866,0.5,0
145.89263031739898,0.8837209302325582,0
145.33621961341055,1.1333333333333333,0
152.179677546089,0.475,0
151.09805018415454,0.8863636363636364,0
152.2966193252931,0.782608695652174,0
152.92799927150756,0.5476190476190477,0
150.24909655067958,0.7674418604651163,0
147.3244626574192,0.8372093023255814,0
140.854240713838,1.1111111111111112,0
143.6046523970795,0.725,0
135.12325864618035,1.15625,0
138.77788733592547,0.7,0
131.5518138046849,1.0384615384615385,0
123.12957032780108,1.2222222222222223,0
124.84205405847206,0.9375,0
119.54122284967657,1.2222222222222223,0
115.61730257940508,1.2,0
53,1.2,0
104.22490595552281,-0.10714285714285714,1
111.40519112458425,0.08888888888888889,1
109.52735234677765,-0.01818181818181818,0
111.9929725774602,0.06451612903225806,0
111.61791518860059,0.05714285714285714,0
110.12114424082293,0.189873417721519,0
108.07922830095886,0.2261904761904762,0
102.96609858905289,0.3253012048192771,0
103.14491576650177,0.3176470588235294,0
99.06532734036249,0.3902439024390244,0
93.20285762441273,0.4942528735632184,1
88.41360467446535,0.6024096385542169,1
78.16046382398348,0.8441558441558441,1
76.91677031956169,0.8795180722891566,1
73.53910524340094,1.0,1
70.9075963005005,1.1081081081081081,1
70.4950112618119,1.162162162162162,1
70.54832084302568,1.2,1
69.4973240404297,1.25,1
72.4629750881144,1.1818181818181819,1
71.26587570827508,1.3194444444444444,1
70.78770280935738,1.4328358208955223,1
72.79999999999998,1.3333333333333333,1
75.07616645268169,1.2857142857142858,1
76.59999999999998,1.3333333333333333,1
77.22896837195195,1.390625,1
75.11638029241887,1.6666666666666667,1
73.9766853197056,2.022222222222222,1
72.91285257618482,2.3846153846153846,1
74.69044314166224,2.2439024390243905,1
70.38043813214813,3.0689655172413794,1
68.01751737315142,3.8636363636363638,1
67.07171821725895,5.0,1
64.65122548562945,7.076923076923077,1
64.68048057775604,8.6,1
64.8492629826241,9.444444444444445,1
61.355973421114875,37.0,1
63.481861030384664,35.5,1
60.775119884687385,-73.0,1
65.3194916250821,38.0,1
64.15043449740409,77.0,1
64.1654983793825,76.0,1
69.77844203943886,15.0,1
68.82825795129436,18.25,1
73.35086465051496,7.5,1
82.31416440516823,3.5714285714285716,1
85.0828832944851,2.625,1
94.68809647668552,1.511111111111111,1
95.9877067355918,1.1730769230769231,1
99.22626947912798,0.9473684210526315,1
100.80189827839496,0.8548387096774194,1
99.99079536723194,0.864406779661017,1
100.5247010228922,0.8771929824561403,1
100.48759666239447,0.8793103448275862,1
100.91726901440958,0.8545454545454545,1
98.96488696280021,0.9636363636363636,1
97.56621917081583,1.0769230769230769,1
97.2367257069868,1.0980392156862746,1
97.40177556057662,1.1666666666666667,1
94.27683502123746,1.4,1
91.7351862609994,1.7272727272727273,1
92.04094894766047,1.7058823529411764,1
87.65593809740197,2.1538461538461537,1
83.49502903656622,2.789473684210526,1
79.75819999424039,3.8,1
76.39861148499757,5.6,1
72.52895586041652,10.5,1
74.42513771297642,10.5,1
66.40392405025412,-58.0,1
69,-58.0,1
72.12954333265719,29.0,1
77.13645562822579,11.0,1
82.60985346357515,5.888888888888889,1
82.30517693804845,5.6,1
85.9789953444993,4.142857142857143,1
90.29875812999444,3.1176470588235294,1
87.73416760224606,3.2222222222222223,1
89.87451153702605,2.772727272727273,1
92.0779156010629,2.5454545454545454,1
86.61108602971554,3.05,1
89.53647760503989,2.6666666666666665,1
90.41734751103037,2.4615384615384617,1
92.66795823824145,2.0303030303030303,1
94.92280288567815,1.7105263157894737,1
93.59819087003633,1.7073170731707317,1
94.67196902704102,1.5121951219512195,1
95.12683071007251,1.4054054054054055,1
91.17930327949789,1.5833333333333333,1
88.22793236720746,1.7272727272727273,1
86.3473131635608,1.8,1
76.49838384159125,2.769230769230769,1
76.16288908294914,2.72,1
74.23298327702732,2.9615384615384617,1
71.01541156147223,3.5,1
72.93963389793599,3.1818181818181817,1
71.29633525514818,3.5555555555555554,1
70.69823853988507,3.8,1
84.02888389130922,2.0454545454545454,1
89.0834362371883,1.7,1
93.1553833977796,1.5789473684210527,1
103.94469683442247,1.0,1
106.06601717798212,1.0,1
102.83920559884685,1.2727272727272727,1
103.8,1.3333333333333333,1
94.29411764705883,1.875,1
102.15822048872435,1.4285714285714286,1
109.60155108391486,1.0,1
113.97099734271924,0.6363636363636364,1
113.14503966148935,0.5,1
102.0,0.0,1
111.84615384615384,0.4166666666666667,1
109.4328034071067,0.2,1
111.21171876988763,0.38461538461538464,1
90.70832376358854,-0.25,1
111.94462916996062,0.3333333333333333,1
78.76001000036585,2.6,1
46,2.6,1
28.70677982499593,-1.2222222222222223,1
74.43778346080288,-0.4375,0
83.19999999999996,-0.2916666666666667,0
84.86839627212801,-0.22857142857142856,0
80.7711091988854,-0.2558139534883721,0
75.78987462413038,-0.29411764705882354,0
66.91370038317318,-0.38461538461538464,0
66.32034178054074,-0.3793103448275862,0
45.468328555639964,-0.6037735849056604,0
44.99200569901687,-0.609375,0
54.740112091779196,-0.5079365079365079,0
57.39724574367397,-0.48333333333333334,0
57.80240277245284,-0.48333333333333334,0
63.755040947390206,-0.4098360655737705,0
69.44846456739872,-0.35294117647058826,0
79.18404467568332,-0.24285714285714285,0
84.62850281021558,-0.2153846153846154,0
90.94765807906825,-0.17647058823529413,0
91.08691737137683,-0.1891891891891892,0
93.20596478761462,-0.17721518987341772,0
98.91698510086313,-0.10256410256410256,0
102.68062409702092,-0.06329113924050633,0
103.13433533145182,-0.06896551724137931,0
113.75137375076373,0.01098901098901099,0
119.26054654653383,0.03225806451612903,0
130.3521712703122,0.15730337078651685,0
129.35646025237446,0.1134020618556701,0
132.25591077103962,0.1308411214953271,0
141.55330942520476,0.23148148148148148,0
141.20131742517708,0.20869565217391303,0
139.15440060249284,0.15702479338842976,0
137.66303560371446,0.12195121951219512,0
136.8450670646456,0.12396694214876033,0
132.88439044123885,0.11403508771929824,0
125.52763419236732,0.07920792079207921,0
117.15101903827073,0.044444444444444446,0
107.87954411545331,-0.022988505747126436,0
98.63797505712368,-0.09333333333333334,0
57.458493053812404,-0.5172413793103449,0
50.455899088302736,-0.625,0
17.335287569635273,-1.25,1
10.914412042977997,-2.7142857142857144,1
17.93690727207585,-4.777777777777778,1
51.74642313911475,3.6666666666666665,1
46.94072505018974,3.1,1
71.0970583163946,1.1304347826086956,1
83.05289862457327,0.6176470588235294,1
78.11409821108874,0.6486486486486487,1
71.02730727247359,0.7142857142857143,1
64.32583669310853,0.7555555555555555,1
66.14386771239687,0.625,0
67.01872450265121,0.5555555555555556,0
80.12283672909516,0.3404255319148936,0
56.937530267312944,0.6,0
64.2380820106025,0.48148148148148145,0
46.033328768545005,0.6538461538461539,0
35.47748590223855,0.723404255319149,0
22.556194316475672,0.8269230769230769,0
2.125939969337378,1.1219512195121952,0
15.264713484433189,1.3125,0
25.516209026360542,1.5,1
75.51011620151523,4.071428571428571,1
75.18604376126322,4.0,1
131.39753222724474,-2.8666666666666667,1
148.43327864215644,-1.0731707317073171,1
146.46883638438757,-0.8518518518518519,1
143.2917356456381,-0.515625,1
141.91764705882355,-0.4675324675324675,1
140.26962562616032,-0.47368421052631576,1
138.19549672453198,-0.5128205128205128,1
133.40539719216758,-0.6666666666666666,1
128.70322019050005,-0.6233766233766234,1
123.61087014049617,-0.6904761904761905,1
125.02955751560359,-0.651685393258427,1
122.8366935855848,-0.6333333333333333,1
117.99475922046636,-0.7311827956989247,1
113.53583386362682,-0.8674698795180723,1
110.06213678544898,-0.9512195121951219,1
105.05656654491722,-1.072289156626506,1
102.49617927436856,-1.127906976744186,1
101.46888503571817,-1.1444444444444444,1
101.83277358327233,-1.127906976744186,1
101.93448177012488,-1.1875,1
101.19636057737128,-1.323943661971831,1
100.80960723164674,-1.3424657534246576,1
101.1974156535857,-1.391304347826087,1
103.18958015968906,-1.34375,1
107.69068213577224,-1.3181818181818181,1
105.11375055606898,-1.5471698113207548,1
103.60943032292838,-1.7708333333333333,1
104.30343123747302,-1.930232558139535,1
102.43708445299036,-2.342857142857143,1
105.63082077229973,-2.230769230769231,1
103.1962590314076,-2.806451612903226,1
104.8465646960044,-2.6333333333333333,1
102.18167445581723,-3.1538461538461537,1
102.31350907933607,-3.4,1
107.54601959790412,-3.1153846153846154,1
102.54265903270793,-4.3,1
104.26514853498627,-4.809523809523809,1
106.01970337738416,-4.809523809523809,1
103.7584288588236,-5.684210526315789,1
105.97302924248825,-5.2727272727272725,1
104.15855982602736,-5.9,1
101.06580782574035,-7.933333333333334,1
101.57799183596377,-7.533333333333333,1
98.0620951559051,-10.363636363636363,1
95.23063578034754,-14.625,1
95.08317654267745,-12.777777777777779,1
92.91632155843661,-14.875,1
83.10036047797979,116.0,1
80.1338252479425,117.0,1
72.43527118140574,11.8,1
67.7339065466467,7.5,1
68.40019430323848,8.285714285714286,1
69.65260331469923,10.0,1
68.68840921855454,9.0,1
68.94295364356286,11.3,1
66.8804798395571,9.909090909090908,1
69.93563369801183,21.8,1
69.60269975795981,20.4,1
67.61360213810528,12.285714285714286,1
64.39996624459098,8.1,1
61.4620797591665,5.666666666666667,1
59.22412851000439,5.142857142857143,1
52.630230632884256,4.0,1
52.387695007847924,4.0,1
74.01137249043927,21.0,1
44.70104902330351,3.25,1
23.33452377915607,1.0,1
129.2451457204784,-1.5,0
83.2006328333349,-19.0,0
82.28730157199226,-14.5,0
63.75314092678822,17.5,0
53.66972167237542,9.0,0
58.85059309550167,0.7777777777777778,0
80.49844718999242,0.5,0
19.188460024812517,3.142857142857143,0
125.0308011844013,-0.26666666666666666,1
117.87684147824868,-0.8421052631578947,1
113.66671930219098,-0.7777777777777778,1
97.4411459450109,-1.2857142857142858,1
93.15517232761079,-1.2608695652173914,1
79.35523291312059,-1.7083333333333333,1
66.76784174405113,-2.4210526315789473,1
67.06963854120625,-2.1,1
59.40516617168513,-2.5384615384615383,1
55.59454491816199,-2.6666666666666665,1
50.58953236837576,-3.1739130434782608,1
45.84509027189379,-3.9473684210526314,1
44.85427746488124,-4.111111111111111,1
42.752236578826135,-4.9375,1
36.56097644235205,-8.777777777777779,1
40.48892368508292,-7.333333333333333,1
42.31157633407316,-6.9,1
33.932586147898654,-30.5,1
31,-30.5,1
35.14308568080018,-22.5,1
42.92133183770257,-7.2,1
39.03307797843503,-9.666666666666666,1
21.459724642198072,13.5,1
13.826584617709102,7.333333333333333,1
6.75711007645769,3.142857142857143,1
12.034194043666727,2.857142857142857,1
9.385260967372892,3.1666666666666665,1
14.331712263063022,2.875,1
8.51260193427333,3.5714285714285716,1
24.063704113666773,2.25,1
34.13387042479389,1.7647058823529411,1
31.4208856563155,1.8636363636363635,1
39.45177516814546,1.5172413793103448,1
37.73467745129062,1.5714285714285714,1
35.72494230874039,1.575,1
33.298788098433626,1.6511627906976745,1
48.62608240863085,1.0769230769230769,1
53.38666709244884,0.9571428571428572,1
59.180558902702124,0.8271604938271605,0
59.81793190486917,0.8271604938271605,0
59.75738697018804,0.8426966292134831,0
59.346782635093696,0.8666666666666667,0
57.47225686574597,0.9425287356321839,0
58.62723112427672,0.9310344827586207,0
57.00707758121321,0.9887640449438202,0
57.70218840806192,0.9887640449438202,0
50.93196280431148,1.2048192771084338,0
47.47486538344541,1.4025974025974026,1
44.98314456857157,1.5797101449275361,1
39.67091100099424,1.903225806451613,1
39.65512577127662,2.036363636363636,1
39.64096634571624,2.0943396226415096,1
39.93061463940514,2.163265306122449,1
39.25544311633787,2.3043478260869565,1
40.28364387538456,2.3255813953488373,1
40.46415113211013,2.341463414634146,1
44.899346091305326,2.0697674418604652,1
45.68258373632645,2.075,1
47.864551776344875,2.025,1
48.746281909495416,2.0,1
44.18999088161986,2.375,1
41.99198825666613,2.5714285714285716,1
37.777580870039074,2.92,1
39.20164365004183,2.782608695652174,1
39.07221236009885,2.8260869565217392,1
37.75748580250201,2.9545454545454546,1
40.09878052547625,2.8181818181818183,1
33.85082532086294,3.5294117647058822,1
35.35010319400479,3.3684210526315788,1
37.76824116097864,3.1578947368421053,1
32.47046849068093,3.8823529411764706,1
37.23694955432064,3.3,1
33.548502109588654,3.823529411764706,1
32.839972478395126,3.9411764705882355,1
28.542495215891176,5.076923076923077,1
27.10114388729745,5.5,1
25.40613706240756,6.090909090909091,1
30.58918179472044,4.571428571428571,1
27.774920880417884,5.6,1
33.46991625501395,4.0,1
32.623504269072065,4.153846153846154,1
34.752222679018324,3.5,1
29.817186906974722,4.133333333333334,1
34.78505426185217,3.0,1
37.05368799446847,2.5357142857142856,1
41.47689048464337,2.03125,1
39.24429787549282,2.0303030303030303,1
46.47267752236317,1.5454545454545454,1
50.830063403040526,1.3137254901960784,1
60.850905411918255,0.9661016949152542,1
57.95300797630146,0.96875,1
63.756096986652956,0.78125,1
65.79616352900172,0.7142857142857143,0
59.24511430831322,0.7878787878787878,0
58.315210326796546,0.7647058823529411,0
62.01000636612241,0.6811594202898551,0
67.86530616965022,0.5694444444444444,0
62.18241484589577,0.6197183098591549,0
55.75167038478812,0.6857142857142857,0
57.02244691395481,0.6388888888888888,0
53.80591903384722,0.6666666666666666,0
48.29233659751587,0.7323943661971831,0
38.22674760788562,0.8548387096774194,0
36.35053186288104,0.873015873015873,0
39.819469659130625,0.8333333333333334,0
36.18122590531117,0.8867924528301887,0
35.456910259751815,0.896551724137931,0
35.818497874141954,0.9107142857142857,0
25.587607620033832,1.1428571428571428,1
18.15878242918135,1.3902439024390243,1
2.7353769084305863,2.1481481481481484,1
1.6334285808727853,2.8636363636363638,1
11.114842121891218,5.083333333333333,1
16.259657763564253,13.0,1
23.323698518022784,-18.666666666666668,1
22.40254388686115,-9.5,1
20.4469859800605,-6.888888888888889,1
28.077573340448744,-3.588235294117647,1
25.649157534285546,-3.3125,1
31.011121475567663,-2.5,1
47.70421687536971,-1.5,1
44.226514230177315,-1.5666666666666667,1
42.84001806739159,-1.5555555555555556,1
49.199999999999996,-1.3333333333333333,1
48.61325754064837,-1.303030303030303,1
49.045253987473906,-1.2903225806451613,1
54.90359595727173,-1.1290322580645162,1
51.742301392812614,-1.2352941176470589,1
54.37366619257192,-1.1428571428571428,1
57.71676638853832,-1.0588235294117647,1
61.40953904847435,-0.96875,1
63.855988565625665,-0.9444444444444444,1
56.63139627669264,-1.1428571428571428,1
71.17095643440376,-0.7941176470588235,1
67.73653618881163,-0.8857142857142857,1
70.03617332329411,-0.8333333333333334,1
66.05202286660595,-0.9411764705882353,1
60.59437920089298,-1.096774193548387,1
58.02889746649049,-1.1666666666666667,1
53.787744300525375,-1.2903225806451613,1
50.30083991986912,-1.4285714285714286,1
54.374494888503904,-1.3214285714285714,1
58.53047492413982,-1.2142857142857142,1
60.65664371192937,-1.1538461538461537,1
53.642141583650734,-1.3571428571428572,1
67.17514421272202,-1.0,1
69.2579985724373,-0.9354838709677419,1
67.22541316059197,-0.9666666666666667,1
79.39713726202855,-0.7142857142857143,1
72.85298468181779,-0.8333333333333334,1
74.39862424872108,-0.7894736842105263,1
87.65386471799175,-0.5,1
83.15798712079403,-0.575,1
81.79260969347847,-0.575,1
74.72687568804128,-0.6904761904761905,1
74.49483963386642,-0.6842105263157895,1
75.43922668663117,-0.6666666666666666,1
71.09914184626058,-0.7368421052631579,1
85.28151152456755,-0.4864864864864865,1
90.42930187806488,-0.41025641025641024,0
80.94013206841898,-0.5789473684210527,1
78.52446210307616,-0.6216216216216216,1
76.00718379291895,-0.6764705882352942,1
73.81554805821828,-0.7272727272727273,1
51.97837533191971,-1.1935483870967742,1
14.811196899997729,-3.5384615384615383,1
3.813142509679292,-16.666666666666668,1
19.597488065094936,8.0,1
27.406525629105627,4.0,1
35.29412047284879,2.764705882352941,1
